letter_id,idx1,idx2,t1,t2,duration_ms,path_length,straight_line,linearity,width,height,aspect_ratio,mean_speed,mean_pressure,direction,n_loops,label,trial
1,0,59,0.0,0.293,293.0,2518.7049313508533,2386.6801210049075,0.9475822639235724,669,2307,0.28998699609882966,8437.394131138326,0.0,ascending,0,letter_1,2
2,59,91,0.293,0.459,166.00000000000003,5015.435327475636,4836.468236223619,0.9643167383154965,1195,4734,0.25242923531896916,28980.94419654077,0.0,descending,0,letter_2,2
3,91,126,0.459,0.633,174.0,2389.3852254968815,1407.14640318625,0.5889156709310566,1054,1094,0.9634369287020109,13258.141949783278,0.0,ascending,0,letter_3,2
4,126,127,0.633,0.638,5.000000000000004,0.0,0.0,0.0,0,0,0.0,2402.6027553467925,0.0,horizontal,0,letter_4,2
